processos,tempo_segundos,speedup,eficiencia,pi_estimado
1,0.4314,1.0,1.0,3.1407320000
2,0.2688,1.6049107142857144,0.8024553571428572,3.1410400000
4,0.1882,2.2922422954303934,0.5730605738575983,3.1387040000
8,0.0809,5.332509270704573,0.6665636588380717,3.1448920000
